{
    "model_name": "linear_regression",
    "metrics": {
        "rmse": 7.703122651042251,
        "mae": 6.087481126575175,
        "r2": 0.1436895532837542
    },
    "best_params": {}
}